<?xml version="1.0" encoding="UTF-8" ?>
<XMLDB PATH="local/employee/db" VERSION="2025022600" COMMENT="Defines the employee table">
    <TABLES>
    <TABLE NAME="employee" COMMENT="Stores employee details">
        <FIELDS>
            <FIELD NAME="id" TYPE="int" LENGTH="10" NOTNULL="true" SEQUENCE="true"/>
            <FIELD NAME="name" TYPE="char" LENGTH="255" NOTNULL="true"/>
            <FIELD NAME="position" TYPE="char" LENGTH="100" NOTNULL="false"/>
            <FIELD NAME="email" TYPE="char" LENGTH="255" NOTNULL="false"/>
            <FIELD NAME="created_at" TYPE="int" LENGTH="10" NOTNULL="true"/>
        </FIELDS>
        <KEYS>
            <KEY NAME="primary" TYPE="primary" FIELDS="id"/>
        </KEYS>
    </TABLE>
    </TABLES>
</XMLDB>
