<?xml version="1.0" encoding="UTF-8" ?>
<XMLDB PATH="local/trainingservice/db" VERSION="20240501" COMMENT="XMLDB file for Moodle local/trainingservice"
    xmlns:xsi="http://www.w3.org/2001/XMLSchema-instance"
    xsi:noNamespaceSchemaLocation="../../../lib/xmldb/xmldb.xsd"
>
  <TABLES>
    <!-- Table for storing guest residence requests -->
    <TABLE NAME="local_trainingservice_residences_request" COMMENT="Table for storing information about guest residences">
      <FIELDS>
        <FIELD NAME="id" TYPE="int" LENGTH="10" NOTNULL="true" SEQUENCE="true"/>
        <FIELD NAME="residence_type" TYPE="int" LENGTH="10" NOTNULL="true" SEQUENCE="false" COMMENT="References ID from residence types table"/>
        <FIELD NAME="start_date" TYPE="int" LENGTH="10" NOTNULL="false" SEQUENCE="false"/>
        <FIELD NAME="end_date" TYPE="int" LENGTH="10" NOTNULL="false" SEQUENCE="false"/>
        <FIELD NAME="purpose" TYPE="int" LENGTH="10" NOTNULL="false" SEQUENCE="false" COMMENT="References ID from purpose table"/>
        <FIELD NAME="notes" TYPE="text" NOTNULL="false" SEQUENCE="false"/>
        <FIELD NAME="userid" TYPE="int" LENGTH="10" NOTNULL="true"/>
        <FIELD NAME="status" TYPE="char" LENGTH="10" NOTNULL="true" DEFAULT="pending" COMMENT="Status of the residence request (pending, approved, rejected)"/>
      </FIELDS>
      <KEYS>
        <KEY NAME="primary" TYPE="primary" FIELDS="id"/>
        <KEY NAME="fk_residence_type_id" TYPE="foreign" FIELDS="residence_type" REFTABLE="local_trainingservice_residence_types" REFFIELDS="id"/>
        <KEY NAME="fk_purpose_id" TYPE="foreign" FIELDS="purpose" REFTABLE="local_trainingservice_purpose" REFFIELDS="id"/>
        <KEY NAME="userid_fk" TYPE="foreign" FIELDS="userid" REFTABLE="user" REFFIELDS="id"/>
      </KEYS>
    </TABLE>

    <!-- Table for storing residence types -->
    <TABLE NAME="local_trainingservice_residence_types" COMMENT="Table for storing residence types">
      <FIELDS>
        <FIELD NAME="id" TYPE="int" LENGTH="10" NOTNULL="true" SEQUENCE="true"/>
        <FIELD NAME="type_name" TYPE="char" LENGTH="255" NOTNULL="true" SEQUENCE="false" COMMENT="Name of the residence type"/>
      </FIELDS>
      <KEYS>
        <KEY NAME="primary" TYPE="primary" FIELDS="id"/>
      </KEYS>
    </TABLE>

    <!-- Table for storing residence purposes -->
    <TABLE NAME="local_trainingservice_purpose" COMMENT="Table for storing different purposes of residence">
      <FIELDS>
        <FIELD NAME="id" TYPE="int" LENGTH="10" NOTNULL="true" SEQUENCE="true"/>
        <FIELD NAME="description" TYPE="char" LENGTH="255" NOTNULL="true" SEQUENCE="false" COMMENT="Description of the purpose"/>
      </FIELDS>
      <KEYS>
        <KEY NAME="primary" TYPE="primary" FIELDS="id"/>
      </KEYS>
    </TABLE>
  </TABLES>
</XMLDB>
