<?xml version="1.0" encoding="UTF-8" ?>
<XMLDB PATH="local/financecosts/db" VERSION="2025070700"
       COMMENT="XMLDB for local_financecosts plugin"
       xmlns:xsi="http://www.w3.org/2001/XMLSchema-instance"
       xsi:noNamespaceSchemaLocation="../../../../lib/xmldb/xmldb.xsd">

  <TABLES>

    <!-- Category table – allows admins to create arbitrary cost buckets. -->
    <TABLE NAME="local_financecosts_cat" COMMENT="Finance cost categories">
      <FIELDS>
        <FIELD NAME="id" TYPE="int" LENGTH="10" NOTNULL="true" SEQUENCE="true"/>
        <FIELD NAME="name" TYPE="char" LENGTH="100" NOTNULL="true"/>
        <FIELD NAME="description" TYPE="text" NOTNULL="false"/>
        <FIELD NAME="isactive" TYPE="int" LENGTH="1" NOTNULL="true" DEFAULT="1"/>
        <FIELD NAME="timecreated" TYPE="int" LENGTH="10" NOTNULL="true"/>
        <FIELD NAME="timemodified" TYPE="int" LENGTH="10" NOTNULL="false"/>
      </FIELDS>
      <KEYS>
        <KEY NAME="primary" TYPE="primary" FIELDS="id"/>
      </KEYS>
      <INDEXES>
        <INDEX NAME="name_uq" UNIQUE="true" FIELDS="name"/>
      </INDEXES>
    </TABLE>

    <!-- Sync log – records each aggregation run (future enhancement). -->
    <TABLE NAME="local_financecosts_log" COMMENT="Sync / aggregation log">
      <FIELDS>
        <FIELD NAME="id" TYPE="int" LENGTH="10" NOTNULL="true" SEQUENCE="true"/>
        <FIELD NAME="runat" TYPE="int" LENGTH="10" NOTNULL="true"/>
        <FIELD NAME="status" TYPE="char" LENGTH="20" NOTNULL="true"/>
        <FIELD NAME="details" TYPE="text" NOTNULL="false"/>
      </FIELDS>
      <KEYS>
        <KEY NAME="primary" TYPE="primary" FIELDS="id"/>
      </KEYS>
    </TABLE>

  </TABLES>
</XMLDB>
