<?xml version="1.0" encoding="UTF-8" ?>
<XMLDB PATH="local/financecalc/db" VERSION="20250828" COMMENT="XMLDB file for financecalc plugin"
    xmlns:xsi="http://www.w3.org/2001/XMLSchema-instance"
    xsi:noNamespaceSchemaLocation="../../../lib/xmldb/xmldb.xsd"
>
  <TABLES>
    <TABLE NAME="local_financecalc_yearly" COMMENT="Yearly financial aggregates for reporting">
      <FIELDS>
        <FIELD NAME="id" TYPE="int" LENGTH="10" NOTNULL="true" SEQUENCE="true"/>
        <FIELD NAME="year" TYPE="int" LENGTH="4" NOTNULL="true" SEQUENCE="false" COMMENT="Year for the financial data"/>
        <FIELD NAME="spending_omr" TYPE="number" LENGTH="12" DECIMALS="2" NOTNULL="true" DEFAULT="0" SEQUENCE="false" COMMENT="Total spending in OMR for the year"/>
        <FIELD NAME="budget_omr" TYPE="number" LENGTH="12" DECIMALS="2" NOTNULL="true" DEFAULT="0" SEQUENCE="false" COMMENT="Total budget in OMR for the year"/>
        <FIELD NAME="timecreated" TYPE="int" LENGTH="10" NOTNULL="true" SEQUENCE="false" COMMENT="Timestamp when record was created"/>
        <FIELD NAME="timemodified" TYPE="int" LENGTH="10" NOTNULL="true" SEQUENCE="false" COMMENT="Timestamp when record was last modified"/>
        <FIELD NAME="created_by" TYPE="int" LENGTH="10" NOTNULL="true" SEQUENCE="false" COMMENT="User ID who created the record"/>
        <FIELD NAME="modified_by" TYPE="int" LENGTH="10" NOTNULL="true" SEQUENCE="false" COMMENT="User ID who last modified the record"/>
      </FIELDS>
      <KEYS>
        <KEY NAME="primary" TYPE="primary" FIELDS="id"/>
        <KEY NAME="year" TYPE="unique" FIELDS="year"/>
      </KEYS>
      <INDEXES>
        <INDEX NAME="yearidx" UNIQUE="false" FIELDS="year"/>
        <INDEX NAME="timecreatedidx" UNIQUE="false" FIELDS="timecreated"/>
      </INDEXES>
    </TABLE>
  </TABLES>
</XMLDB>
